Where the hell is Japan place,0,,
I will puke on Japan place,0,,
I am feeling sick of Japan place,0,,
Why my country does not have a Wonder place place,0,,
I am going crazy at how bad Dubai is place,0,,
I do not like the hostile korea place,0,,
Why do I not burn NewYork City place,0,,
How stupid am I to go to Florida place,0,,
California is the worst place ever place,0,,
Do not infuriate me by speaking about India place,0,, [3]
Will I survive in India place,1,,
Can I make money in Europe place,1,,
Will africa be burned in this century place,1,,
Will china evolve as a world power place,1,,
Does it mean Russia bombs Europe place,1,,
Can India tackle china place,1,,
Why parliament is powerful in America place,1,,
Is it possible to study in Asia place,1,,
Can my son become president of germany place,1,, [2]
Does my intelligence increase if i visit Africa place,1,,
I can make fortune in California place,2,,
Egypt can become an economic power place,2,, [1]
I will leave Europe if you win place,2,, [4]
I can create a new wonder in France place,2,,
Vegas culture can symbolize the world place,2,,
Pakistan can create new growth models place,2,,
Humans can replace france place,2,,
Greatest threat to Colosseum will happen due to Millennials place,2,,
Caves in India are as old as the first men place,2,,
I can visit Italy and influence its people place,2,,
It is so thrilling to be in NewYork place,3,,
I am happy to be in a University place,3,,
I receive immense help from people in this city place,3,,
We will feel the most energetic when we are in London place,3,,
What best describes joyous other than an Indian Marriage ritual place,3,,
Israel is a place where Muslims and Jews coexist and lives happily place,3,,
We like orderly places and beautiful places place,3,,
Cricket in Australia is played with passion place,3,,
Cultures in Asia exceeds that of America despite huge economic crisis place,3,,
Virus lives in Africa with more productivity place,3,,
Why do I feel sad to leave this place place,4,,
I feel sorry for myself because my Latin pronunciation is worse than other speakers in America place,4,,
Nepal is so sad and desperate to achieve success place,4,,
America supports Bangladesh as it fears China place,4,,
Most powerful companies in the world built their grounds by playing emotional games with poor place,4,,
Barbaric Russia started war with europe and is unfortunate place,4,,
India believes people cannot avoid heartbreaks that is written in their karma place,4,,
People are illiterate and not trustworthy place,4,,
Companies will derive their revenues from poor countries place,4,,
Rome has the most cruel punishments in the history place,4,,
Why do pasta smells dirty to eat food,5,,
Why I am sick of apples food,5,,
Where on earth are mangoes grown food,5,,
Why do you still keep bananas in your forest food,5,,
Why am I still buying nasty oranges food,5,,
Where cannot I randomly pick fruits instead of fetid vegetables food,5,,
Why do I suffocate infront of berries food,5,,
Why am I the most disgusting pumpin ever food,5,,
Why do I feel puking when I drink milk food,5,, [0]
How can I not eat this fruit nicely food,5,,
Can I able to taste chicken food,6,,
Will I find good food around me food,6,,
Will I have time to eat food to the perfection food,6,,
Can I cook greens for you food,6,,
Is it possible for me to make pizza at home food,6,,
Why potatoes are so popular food,6,,
How do we serve food on plate food,6,,
Can I prepare wine by myself food,6,,
Did I just made a perfect recipe food,6,,
Is it a common mistake to peel fruits in the wrong way food,6,, [3]
I can make the strongest odour recipe for the people food,7,,
I can build my company on the lines of food food,7,,
I am the greatest chef in this word food,7,,
I can become famous with my pizza formula food,7,,
I will reach my epitome developing cuisine food,7,,
I will be happy if you serve the food well enough to me food,7,,
We will rule with good vegetables food,7,,v2
I want my cabbage to be cut in this manner food,7,, [0]
We express ourselves with how we use spices in the cuisine food,7,,
We can score good in exams with perfect gut by eating good food food,7,,
I am happy to serve you pasta food,8,,
We feel joyous by eating meat food,8,, [0]
Is the best dish that I ever ate food,8,,
We celebrate by visiting a restaurant to eat meals food,8,,
Dining has been the best in my University life food,8,,
Best memories are always be alongside with a party with full of wordly cuisines food,8,,
Friends ask me for party when I am happy food,8,,
I have a bunch of happy guests for my celebration food,8,,
Happy Rich always have happy meals food,8,,
Pork has always been a part of my perfect happy recipe food,8,,
The most sad food I ever ate is cabbage food,9,, [6]
I regret going to his house for food food,9,,
I feel bad eating meat instead of vegetables food,9,,
Most cruel part of being a chef is to do the monotonous job food,9,,
I have never been to a restaurant and I cannot afford food,9,,
My lunch is always bad due to my personal finances food,9,,
Brain and Gut do not go along well and I despise it food,9,,
I speak grumpy due to no food food,9,,
I hate my life as I got cancer due to food related issues food,9,,
I plead everyone to eat good because I do not want others to suffer like me food,9,,
